[
    {
      "State": "UT",
      "Carbon": 352.1470588
    },
    {
      "State": "GA",
      "Carbon": 331.4480078
    },
    {
      "State": "MN",
      "Carbon": 256.8753994
    },
    {
      "State": "WA",
      "Carbon": 276.0093039
    },
    {
      "State": "CO",
      "Carbon": 342.1589286
    },
    {
      "State": "TX",
      "Carbon": 333.3879064
    },
    {
      "State": "CA",
      "Carbon": 349.6742415
    },
    {
      "State": "PA",
      "Carbon": 420.6214936
    },
    {
      "State": "NJ",
      "Carbon": 417.6854243
    },
    {
      "State": "HI",
      "Carbon": 622.375
    },
    {
      "State": "IL",
      "Carbon": 336.4106943
    },
    {
      "State": "OR",
      "Carbon": 329.3945245
    },
    {
      "State": "IA",
      "Carbon": 296.1504425
    },
    {
      "State": "TN",
      "Carbon": 344.1430727
    },
    {
      "State": "NC",
      "Carbon": 325.2307692
    },
    {
      "State": "CT",
      "Carbon": 344.36625
    },
    {
      "State": "NE",
      "Carbon": 335.83
    },
    {
      "State": "AL",
      "Carbon": 301.5652174
    },
    {
      "State": "MD",
      "Carbon": 292.6923077
    },
    {
      "State": "OH",
      "Carbon": 337.1524752
    },
    {
      "State": "NY",
      "Carbon": 405.625
    },
    {
      "State": "VA",
      "Carbon": 315.4257996
    }
  ]