[
  {
    "State": "UT",
    "Carbon": 352.1470588
  },
  {
    "State": "GA",
    "Carbon": 331.4480078
  },
  {
    "State": "MN",
    "Carbon": 256.8753994
  },
  {
    "State": "WA",
    "Carbon": 276.0093039
  },
  {
    "State": "CO",
    "Carbon": 342.1589286
  },
  {
    "State": "TX",
    "Carbon": 333.3879064
  },
  {
    "State": "CA",
    "Carbon": 349.6742415
  },
  {
    "State": "PA",
    "Carbon": 420.6214936
  },
  {
    "State": "NJ",
    "Carbon": 417.6854243
  },
  {
    "State": "HI",
    "Carbon": 622.375
  },
  {
    "State": "IL",
    "Carbon": 336.4106943
  },
  {
    "State": "OR",
    "Carbon": 329.3945245
  },
  {
    "State": "IA",
    "Carbon": 296.1504425
  },
  {
    "State": "TN",
    "Carbon": 344.1430727
  },
  {
    "State": "NC",
    "Carbon": 325.2307692
  },
  {
    "State": "CT",
    "Carbon": 344.36625
  },
  {
    "State": "NE",
    "Carbon": 335.83
  },
  {
    "State": "AL",
    "Carbon": 301.5652174
  },
  {
    "State": "MD",
    "Carbon": 292.6923077
  },
  {
    "State": "OH",
    "Carbon": 337.1524752
  },
  {
    "State": "NY",
    "Carbon": 405.625
  },
  {
    "State": "VA",
    "Carbon": 315.4257996
  },
  {
    "State": "AZ",
    "Carbon": 336.8222897
  },
  {
    "State": "CA",
    "Carbon": 359.3483856
  },
  {
    "State": "WA",
    "Carbon": 335.9880527
  },
  {
    "State": "DC",
    "Carbon": 323.1012065
  },
  {
    "State": "MD",
    "Carbon": 390.5011017
  },
  {
    "State": "MA",
    "Carbon": 390.7679813
  },
  {
    "State": "VA",
    "Carbon": 322.0179149
  },
  {
    "State": "GA",
    "Carbon": 348.0020053
  },
  {
    "State": "OR",
    "Carbon": 360.7727707
  },
  {
    "State": "TX",
    "Carbon": 365.2607938
  },
  {
    "State": "ID",
    "Carbon": 328.3099465
  },
  {
    "State": "CO",
    "Carbon": 364.7438899
  },
  {
    "State": "NC",
    "Carbon": 370.1937438
  },
  {
    "State": "SC",
    "Carbon": 377.8309922
  },
  {
    "State": "MN",
    "Carbon": 287.5037231
  },
  {
    "State": "FL",
    "Carbon": 405.3829461
  },
  {
    "State": "CT",
    "Carbon": 347.2135593
  },
  {
    "State": "NY",
    "Carbon": 416.5056899
  },
  {
    "State": "NJ",
    "Carbon": 425.2448623
  },
  {
    "State": "PA",
    "Carbon": 433.1550036
  },
  {
    "State": "AL",
    "Carbon": 340.5284786
  },
  {
    "State": "ND",
    "Carbon": 270.31
  },
  {
    "State": "MT",
    "Carbon": 351.2721089
  },
  {
    "State": "IA",
    "Carbon": 330.7567979
  },
  {
    "State": "TN",
    "Carbon": 310.5061511
  },
  {
    "State": "OH",
    "Carbon": 391.2884615
  },
  {
    "State": "NE",
    "Carbon": 339.3124514
  },
  {
    "State": "IL",
    "Carbon": 411.3183787
  },
  {
    "State": "WI",
    "Carbon": 447.2203241
  },
  {
    "State": "UT",
    "Carbon": 388.0286438
  },
  {
    "State": "HI",
    "Carbon": 597.0740741
  },
  {
    "State": "NV",
    "Carbon": 406.30453
  },
  {
    "State": "NM",
    "Carbon": 398.6109091
  },
  {
    "State": "OK",
    "Carbon": 618.2105882
  },
  {
    "State": "SD",
    "Carbon": 2329.92
  },
  {
    "State": "MI",
    "Carbon": 2508
  }
]