[
	{
		"State": "AL",
		"Carbon": 340.5284786
	},
	{
		"State": "AZ",
		"Carbon": 336.8222897
	},
	{
		"State": "CA",
		"Carbon": 349.6742415
	},
	{
		"State": "CO",
		"Carbon": 342.1589286
	},
	{
		"State": "CT",
		"Carbon": 344.36625
	},
	{
		"State": "DC",
		"Carbon": 323.1012065
	},
	{
		"State": "FL",
		"Carbon": 405.3829461
	},
	{
		"State": "GA",
		"Carbon": 331.4480078
	},
	{
		"State": "HI",
		"Carbon": 622.375
	},
	{
		"State": "IA",
		"Carbon": 296.1504425
	},
	{
		"State": "ID",
		"Carbon": 328.3099465
	},
	{
		"State": "IL",
		"Carbon": 336.4106943
	},
	{
		"State": "MA",
		"Carbon": 390.7679813
	},
	{
		"State": "MD",
		"Carbon": 292.6923077
	},
	{
		"State": "MI",
		"Carbon": 250.8
	},
	{
		"State": "MN",
		"Carbon": 256.8753994
	},
	{
		"State": "MT",
		"Carbon": 351.2721089
	},
	{
		"State": "NC",
		"Carbon": 325.2307692
	},
	{
		"State": "ND",
		"Carbon": 270.31
	},
	{
		"State": "NE",
		"Carbon": 335.83
	},
	{
		"State": "NJ",
		"Carbon": 417.6854243
	},
	{
		"State": "NM",
		"Carbon": 398.6109091
	},
	{
		"State": "NV",
		"Carbon": 406.30453
	},
	{
		"State": "NY",
		"Carbon": 416.5056899
	},
	{
		"State": "OH",
		"Carbon": 337.1524752
	},
	{
		"State": "OK",
		"Carbon": 618.2105882
	},
	{
		"State": "OR",
		"Carbon": 329.3945245
	},
	{
		"State": "PA",
		"Carbon": 420.6214936
	},
	{
		"State": "SC",
		"Carbon": 377.8309922
	},
	{
		"State": "SD",
		"Carbon": 232.992
	},
	{
		"State": "TN",
		"Carbon": 344.1430727
	},
	{
		"State": "TX",
		"Carbon": 333.3879064
	},
	{
		"State": "UT",
		"Carbon": 352.1470588
	},
	{
		"State": "VA",
		"Carbon": 315.4257996
	},
	{
		"State": "WA",
		"Carbon": 276.0093039
	},
	{
		"State": "WI",
		"Carbon": 447.2203241
	}
]